"2280 STATE RT 6, RAYMOND, WA, 98577"
"2280 STATE RT 6, RAYMOND, WA, 98577"
"2280 STATE RT 6, RAYMOND, WA, 98577"
"263 RAYMOND SOUTH BEND RD, RAYMOND, WA, 98577"
"263 RAYMOND SOUTH BEND RD, RAYMOND, WA, 98577"
"263 RAYMOND SOUTH BEND RD, RAYMOND, WA, 98577"
"269 ELK CREEK ROAD, RAYMOND, WA, 98577"
"269 ELK CREEK ROAD, RAYMOND, WA, 98577"
"269 MILL CREEK ROAD, RAYMOND, WA, 98577"
"269 MILL CREEK ROAD, RAYMOND, WA, 98577"
"269 MILL CREEK ROAD, RAYMOND, WA, 98577"
"269 MILL CREEK ROAD, RAYMOND, WA, 98577"
"294 STATE ROUTE 105, RAYMOND, WA, 98577"
"719 MAIN STREET, RAYMOND, WA, 98577"
"719 MAIN STREET, RAYMOND, WA, 98577"
"719 MAIN STREET, RAYMOND, WA, 98577"
"719 MAIN STREET, RAYMOND, WA, 98577"
"719 MAIN STREET, RAYMOND, WA, 98577"
"727 MC KINLEY AVENUE, RAYMOND, WA, 98577"
"727 MC KINLEY AVENUE, RAYMOND, WA, 98577"
"727 MC KINLEY AVENUE, RAYMOND, WA, 98577"
"727 MC KINLEY AVENUE, RAYMOND, WA, 98577"
"757 WILLAPA RD, RAYMOND, WA, 98577"
"757 WILLAPA RD, RAYMOND, WA, 98577"
"828 JACKSON AVE, RAYMOND, WA, 98577"
"828 JACKSON AVE, RAYMOND, WA, 98577"
"828 JACKSON AVE, RAYMOND, WA, 98577"
"828 JACKSON AVE, RAYMOND, WA, 98577"
"828 JACKSON AVE, RAYMOND, WA, 98577"
"862 SMITH CREEK RD, RAYMOND, WA, 98577"
"862 SMITH CREEK RD, RAYMOND, WA, 98577"
"862 SMITH CREEK RD, RAYMOND, WA, 98577"
"9 RUE CREEK ROAD, RAYMOND, WA, 98577"
"930 DIVISION STREET, RAYMOND, WA, 98577"
"930 DIVISION STREET, RAYMOND, WA, 98577"
"930 DIVISION STREET, RAYMOND, WA, 98577"
"930 DIVISION STREET, RAYMOND, WA, 98577"
"930 DIVISION STREET, RAYMOND, WA, 98577"
"930 DIVISION STREET, RAYMOND, WA, 98577"
"930 DIVISION STREET, RAYMOND, WA, 98577"
"930 DIVISION STREET, RAYMOND, WA, 98577"
"930 DIVISION STREET, RAYMOND, WA, 98577"
"930 DIVISION STREET, RAYMOND, WA, 98577"
"940 COLE AVENUE, RAYMOND, WA, 98577"
"940 COLE AVENUE, RAYMOND, WA, 98577"
"940 COLE AVENUE, RAYMOND, WA, 98577"
"940 COLE AVENUE, RAYMOND, WA, 98577"
"940 COLE AVENUE, RAYMOND, WA, 98577"
"940 COLE AVENUE, RAYMOND, WA, 98577"
"942 BALLENTINE STREET, RAYMOND, WA, 98577"
"991 LUDINGTON AVE, RAYMOND, WA, 98577"
"991 LUDINGTON AVE, RAYMOND, WA, 98577"
"991 LUDINGTON AVE, RAYMOND, WA, 98577"
"991 LUDINGTON AVE, RAYMOND, WA, 98577"
"991 LUDINGTON AVE, RAYMOND, WA, 98577"
"991 LUDINGTON AVE, RAYMOND, WA, 98577"
"No. 2 OCEAN AVENUE, RAYMOND, WA, 98577"
"No. 2 OCEAN AVENUE, RAYMOND, WA, 98577"
"No. 2 OCEAN AVENUE, RAYMOND, WA, 98577"
"No. 2 OCEAN AVENUE, RAYMOND, WA, 98577"
"No. 2 OCEAN AVENUE, RAYMOND, WA, 98577"
"No. 2 OCEAN AVENUE, RAYMOND, WA, 98577"
"No. 2 OCEAN AVENUE, RAYMOND, WA, 98577"
"No. 2 OCEAN AVENUE, RAYMOND, WA, 98577"
"No. 2 OCEAN AVENUE, RAYMOND, WA, 98577"
"No. 2 OCEAN AVENUE, RAYMOND, WA, 98577"
"No. 2 OCEAN AVENUE, RAYMOND, WA, 98577"
"No. 2 OCEAN AVENUE, RAYMOND, WA, 98577"
"No. 2 OCEAN AVENUE, RAYMOND, WA, 98577"
"1829 198TH PL, OCEAN PARK, WA, 98640"
"1829 198TH PL, OCEAN PARK, WA, 98640"
"1829 198TH PL, OCEAN PARK, WA, 98640"
"1829 198TH PL, OCEAN PARK, WA, 98640"
"1829 198TH PL, OCEAN PARK, WA, 98640"
"20303 PACIFIC WAY, OCEAN PARK, WA, 98640"
"20303 PACIFIC WAY, OCEAN PARK, WA, 98640"
"20303 PACIFIC WAY, OCEAN PARK, WA, 98640"
"20303 PACIFIC WAY, OCEAN PARK, WA, 98640"
"20303 PACIFIC WAY, OCEAN PARK, WA, 98640"
"20303 PACIFIC WAY, OCEAN PARK, WA, 98640"
"21204 J PL, OCEAN PARK, WA, 98640"
"21204 J PL, OCEAN PARK, WA, 98640"
"21204 J PL, OCEAN PARK, WA, 98640"
"21204 J PL, OCEAN PARK, WA, 98640"
"22416 S PLACE, OCEAN PARK, WA, 98640"
"22416 S PLACE, OCEAN PARK, WA, 98640"
"22416 S PLACE, OCEAN PARK, WA, 98640"
"22416 S PLACE, OCEAN PARK, WA, 98640"
"22416 S PLACE, OCEAN PARK, WA, 98640"
"22607 SOUTH PLACE, OCEAN PARK, WA, 98640"
"22607 SOUTH PLACE, OCEAN PARK, WA, 98640"
"22607 SOUTH PLACE, OCEAN PARK, WA, 98640"
"22607 SOUTH PLACE, OCEAN PARK, WA, 98640"
"22607 SOUTH PLACE, OCEAN PARK, WA, 98640"
"22607 SOUTH PLACE, OCEAN PARK, WA, 98640"
"23716 J PL, OCEAN PARK, WA, 98640"
"23716 J PL, OCEAN PARK, WA, 98640"
"23716 J PL, OCEAN PARK, WA, 98640"
"23716 J PL, OCEAN PARK, WA, 98640"
"24604 GILES PL, OCEAN PARK, WA, 98640"
"24604 GILES PL, OCEAN PARK, WA, 98640"
"24604 GILES PL, OCEAN PARK, WA, 98640"
"24604 GILES PL, OCEAN PARK, WA, 98640"
"24604 GILES PL, OCEAN PARK, WA, 98640"
"27012 N PLACE, OCEAN PARK, WA, 98640"
"29716 H STREET, OCEAN PARK, WA, 98640"
"29716 H STREET, OCEAN PARK, WA, 98640"
"29716 H STREET, OCEAN PARK, WA, 98640"
"29716 H STREET, OCEAN PARK, WA, 98640"
"31211 N PLACE, OCEAN PARK, WA, 98640"
"31211 N PLACE, OCEAN PARK, WA, 98640"
"31211 N PLACE, OCEAN PARK, WA, 98640"
"31211 N PLACE, OCEAN PARK, WA, 98640"
"31211 N PLACE, OCEAN PARK, WA, 98640"
"31211 N PLACE, OCEAN PARK, WA, 98640"
"32210 N PLACE, OCEAN PARK, WA, 98640"
"32210 N PLACE, OCEAN PARK, WA, 98640"
"32210 N PLACE, OCEAN PARK, WA, 98640"
"32210 N PLACE, OCEAN PARK, WA, 98640"
"32210 N PLACE, OCEAN PARK, WA, 98640"
"32600 E ST, OCEAN PARK, , 98640"
"32600 E ST, OCEAN PARK, , 98640"
"32600 E ST, OCEAN PARK, , 98640"
"32600 E ST, OCEAN PARK, , 98640"
"32600 E ST, OCEAN PARK, , 98640"
"1089 STATE RT 4, NASELLE, WA, 98638"
"1089 STATE RT 4, NASELLE, WA, 98638"
"1092 STATE ROUTE 4, NASELLE, WA, 98638"
"1092 STATE ROUTE 4, NASELLE, WA, 98638"
"1092 STATE ROUTE 4, NASELLE, WA, 98638"
"1107 SALMON CREEK ROAD, NASELLE, WA, 98638"
"1107 SALMON CREEK ROAD, NASELLE, WA, 98638"
"1107 SALMON CREEK ROAD, NASELLE, WA, 98638"
"1112 STATE ROUTE 4, NASELLE, WA, 98638"
"1172 STATE ROUTE 4, NASELLE, WA, 98638"
"1172 STATE RT 4, NASELLE, WA, 98638"
"1172 STATE RT 4, NASELLE, WA, 98638"
"1172 STATE RT 4, NASELLE, WA, 98638"
"1172 STATE RT 4, NASELLE, WA, 98638"
"1192 STATE ROUTE 4, NASELLE, WA, 98638"
"1192 STATE ROUTE 4, NASELLE, WA, 98638"
"1192 STATE ROUTE 4, NASELLE, WA, 98638"
"1192 STATE ROUTE 4, NASELLE, WA, 98638"
"1192 STATE ROUTE 4, NASELLE, WA, 98638"
"1192 STATE ROUTE 4, NASELLE, WA, 98638"
"1198 STATE ROUTE 4, NASELLE, WA, 98638"
"1198 STATE ROUTE 4, NASELLE, WA, 98638"
"888 STATE RT 4, NASELLE, WA, 98638"
"888 STATE RT 4, NASELLE, WA, 98638"
"888 STATE RT 4, NASELLE, WA, 98638"
"888 STATE RT 4, NASELLE, WA, 98638"
"951 STATE ROUTE 4, NASELLE, WA, 98638"
"951 STATE ROUTE 4, NASELLE, WA, 98638"
"955 STATE ROUTE 4, NASELLE, WA, 98638"
"955 STATE ROUTE 4, NASELLE, WA, 98638"
"994 SALMON CREEK ROAD, NASELLE, WA, 98638"
"994 SALMON CREEK ROAD, NASELLE, WA, 98638"
"994 SALMON CREEK ROAD, NASELLE, WA, 98638"
"994 SALMON CREEK ROAD, NASELLE, WA, 98638"
"994 SALMON CREEK ROAD, NASELLE, WA, 98638"
"853 STATE RT 101, CHINOOK, WA, 98614"
"2489 STATE ROUTE 105, GRAYLAND, WA, 98547"
"2489 STATE ROUTE 105, GRAYLAND, WA, 98547"
"3739 STATE RT 105, GRAYLAND, WA, 98547"
"3739 STATE RT 105, GRAYLAND, WA, 98547"
"3739 STATE RT 105, GRAYLAND, WA, 98547"
"3739 STATE RT 105, GRAYLAND, WA, 98547"
"3739 STATE RT 105, GRAYLAND, WA, 98547"
"3739 STATE RT 105, GRAYLAND, WA, 98547"
"3739 STATE RT 105, GRAYLAND, WA, 98547"
"3739 STATE RT 105, GRAYLAND, WA, 98547"
"980 WHIPPLE AVE, GRAYLAND, WA, 98547"
"980 WHIPPLE AVE, GRAYLAND, WA, 98547"
"980 WHIPPLE AVE, GRAYLAND, WA, 98547"
"980 WHIPPLE AVE, GRAYLAND, WA, 98547"
"20 SPRUCE LANE, SOUTH BEND, WA, 98586"
"20 SPRUCE LANE, SOUTH BEND, WA, 98586"
"20 SPRUCE LANE, SOUTH BEND, WA, 98586"
"20 SPRUCE LANE, SOUTH BEND, WA, 98586"
"20 SPRUCE LANE, SOUTH BEND, WA, 98586"
"20 SPRUCE LANE, SOUTH BEND, WA, 98586"
"721 WILLAPA AVE, SOUTH BEND, WA, 98586"
"721 WILLAPA AVE, SOUTH BEND, WA, 98586"
"721 WILLAPA AVE, SOUTH BEND, WA, 98586"
"721 WILLAPA AVE, SOUTH BEND, WA, 98586"
"721 WILLAPA AVE, SOUTH BEND, WA, 98586"
"721 WILLAPA AVE, SOUTH BEND, WA, 98586"
"722 WILLAPA AVENUE, SOUTH BEND, WA, 98586"
"722 WILLAPA AVENUE, SOUTH BEND, WA, 98586"
"722 WILLAPA AVENUE, SOUTH BEND, WA, 98586"
"722 WILLAPA AVENUE, SOUTH BEND, WA, 98586"
"722 WILLAPA AVENUE, SOUTH BEND, WA, 98586"
"730 WILLAPA AVENUE, SOUTH BEND, WA, 98586"
"730 WILLAPA AVENUE, SOUTH BEND, WA, 98586"
"730 WILLAPA AVENUE, SOUTH BEND, WA, 98586"
"730 WILLAPA AVENUE, SOUTH BEND, WA, 98586"
"730 WILLAPA AVENUE, SOUTH BEND, WA, 98586"
"730 WILLAPA AVENUE, SOUTH BEND, WA, 98586"
"730 WILLAPA AVENUE, SOUTH BEND, WA, 98586"
"730 WILLAPA AVENUE, SOUTH BEND, WA, 98586"
"730 WILLAPA AVENUE, SOUTH BEND, WA, 98586"
"730 WILLAPA AVENUE, SOUTH BEND, WA, 98586"
"730 WILLAPA AVENUE, SOUTH BEND, WA, 98586"
"730 WILLAPA AVENUE, SOUTH BEND, WA, 98586"
"730 WILLAPA AVENUE, SOUTH BEND, WA, 98586"
"730 WILLAPA AVENUE, SOUTH BEND, WA, 98586"
"730 WILLAPA AVENUE, SOUTH BEND, WA, 98586"
